iter	MAE	RMSE
0	0.2857996182	1.99847571
