iter	RMSE
0	1.950788048
50	1.653514324
100	1.640347288
150	1.632144005
199	1.626120052
